{
  "cli": {
    "version": ">= 5.9.0"
  },
  "build": {
    "development": {
      "developmentClient": true,
      "distribution": "internal",
      "android": {
        "buildType": "apk",
        "gradleCommand": ":app:assembleDebug"
      },
      "ios": {
        "simulator": true
      }
    },
    "preview": {
      "android": {
        "buildType": "apk"
      },
      "ios": {
        "simulator": true
      }
    },
    "production": {
      "android": {
        "buildType": "apk"
      },
      "ios": {
        "simulator": false
      }
    }
  },
  "submit": {
    "production": {
      "android": {
        "serviceAccountKeyPath": "../path/to/api-key.json",
        "track": "internal"
      },
      "ios": {
        "appleId": "your-apple-id@example.com",
        "ascAppId": "1234567890",
        "appleTeamId": "XXXXXXXXXX"
      }
    }
  }
}